userId,movieId,rating
A2CX7LUOHB2NDG,321732944,5
A2NWSAGRHCP8N5,439886341,1
A2WNBOD3WNDNKT,439886341,3
A1GI0U4ZRJA8WN,439886341,1
A1QGNMC6O1VW39,511189877,5
A3J3BRHTDRFJ2G,511189877,2
A2TY0BTJOTENPG,511189877,5
A34ATBPOK6HCHY,511189877,5
A89DO69P0XZ27,511189877,5
AZYNQZ94U6VDB,511189877,5
A1DA3W4GTFXP6O,528881469,5
A29LPQQDG7LD5J,528881469,1
AO94DHGC771SJ,528881469,5
AMO214LNFCEI4,528881469,1
A28B1G1MSJ6OO1,528881469,4
A3N7T0DY83Y4IG,528881469,3
A1H8PY3QHMQQA0,528881469,2
A2CPBQ5W4OGBX,528881469,2
A265MKAR2WEH3Y,528881469,4
A37K02NKUIT68K,528881469,5
A2AW1SSVUIYV9Y,528881469,4
A2AEHUKOV014BP,528881469,5
AMLFNXUIEMN4T,528881469,1
A2O8FIJR9EBU56,528881469,4
A3IQGFB959IR4P,528881469,1
AYTBGUX49LF3W,528881469,4
A24QFSUU00IZ05,528881469,2
A1NG5X8VYZWX0Q,528881469,1
A1E4WG8HRWWK4R,528881469,5
A2AOEW5UGXFOOQ,528881469,5
A2XSWV6AQI90BR,528881469,1
AR84FMFYCQCWF,528881469,1
A19TBA1WARJS55,528881469,2
A3C5SMBSKKWNPT,528881469,5
A24EV6RXELQZ63,528881469,1
A3T6ZQONABIJSG,528881469,1
A132P6YSJSI5G2,528881469,2
A1NQPG5IJ43HJI,558835155,3
A2WOJCFAWI8VS8,059400232X,5
A22FB2WSZSXSHH,059400232X,5
AZQZ3STMCBG5H,059400232X,5
A2EGPA22UHMQXL,594012015,1
AC57CU3TF6ZMJ,594012015,5
A2YX0Z6RHA8Y2H,594012015,1
A38T51B7J6QVD9,594012015,1
A1HOSS7PNC1LMU,594012015,1
A9HI77BE35VYE,594012015,1
A3HFUWKSPF5QEH,594012015,5
A38ETMHM9ATSF0,594012015,1
A34O6MND17VDDH,594017343,1
A3JSAGWSLY5044,594017580,3
A3B12X05JZKM94,594033896,5
AKZOMZCNU41GZ,594033896,4
A2XTFY0GJDF3R2,594033896,4
A3ILG56NE5QU37,594033896,5
AOK77THMKCGXZ,594033896,4
A24RBL3W5W6SAN,594033926,5
A2RX85Y4S27N2J,594033926,1
A253JJFXQNPCOJ,594033926,4
AHYURLVH267MA,594033926,5
A1FXYTO11KEJ2P,594033926,4
A2TKKYL3GKFS2M,594033926,5
A3F069UFW04K1E,594033926,5
A3HQ8RXUMJ2Y58,594033926,5
A2MNKBHPMBB0EA,594033926,5
A3HGTTFIDLCWDJ,594033926,4
AYM7NJTTX3M0L,594033926,5
A2PL24SVISXZM9,594033926,5
A3I1C8WM8DLSMM,594033926,5
A29LNVZLBG0IYN,594033926,5
A2CP4GY6XAWIII,594033926,5
A1UMFN4RKU451R,594033934,5
A3T3XKC7H5ACI1,594033934,5
A1NQNJ3EAZ6CMZ,594202442,4
A34TPQUVSQXXPX,594287995,5
A2B4F6LP0ZLI8E,594296420,3
A1RKH6803HVOQL,594296420,5
A3ZNVCQCG57AY,594296420,5
A1HM74IXWXQ5D8,594296420,5
A2DUI0YVE1DZ48,594296420,5
AH3LYMIBZ6DKF,594296420,5
AWA0CM7TY98QX,594450209,5
A244IAP7UBVHH6,594450209,5
A3E7PG9CHDBICA,594450705,5
A2JXAZZI9PHK9Z,594451647,5
A1RTWWRHVIVWQW,594451647,5
A2P5U7BDKKT7FW,594451647,2
A262D8GC5XRU31,594451647,5
AAZ084UMH8VZ2,594451647,5
A3M122DYN9L5N8,594451647,1
A3S0RV5ZQ37538,594451647,4
A150Y5KRN7FWJJ,594451647,5
AEZ3CR6BKIROJ,594451647,4
A3BY5KCNQZXV5U,594451647,5
A1JIOBEWHVV8MC,594451647,5
A2OJRZGW5YVGNS,594451647,5
A14KUMEJ094IZ3,594451647,5
A212UCG62RO8JF,594451647,5
A18U7ZDE2VHD01,594477670,5
A39J1PTX1KAL66,594477670,5
A2IEJQ8754BMSI,594477670,4
APGCN777AZIYR,594478162,4
A1UMV2TNJ96LMU,594481813,5
A7S2B0I67WNWB,594481813,4
A3HICVLF4PFFMN,594481813,5
A3HGP1YI7G80HA,594481813,5
A2SRW2W1GXYKQZ,594481813,5
A3S51KDTK4P2JP,594481813,4
A2ATRYXF83T83K,594481813,5
A5MJPMMDAA1RQ,594481813,5
A1RGYV1ASMTMSE,594481813,1
ANSKSPEEAKY7S,594481813,5
A2QBZA4S1ROX9Q,594481813,3
A2FT4NPBE189NB,594481813,5
AEFUHKIXACWJW,594481813,5
ANY6JUFM0GH8U,594481813,5
A29AHNG4TUERKG,594481813,1
AT09WGFUM934H,594481813,3
A1JB5VD57VRYAX,594481813,5
A22055Y81HHDQ9,594481813,1
A2CVNEE0H2F1YE,594481813,4
ASLRVLGGF5F2J,594481813,5
A2TSQNO5HXCYN2,594481813,5
A1G0KYO61NFVTF,594481813,5
A2OC1UK7VMBLOT,594481813,4
A260COKJRRVS3U,594481813,5
A1T8TP4OHT5T13,594481813,4
AGAKHE014LQFU,594481813,3
A3NU787GB0X67S,594481813,5
AY0BL2JD0GAFT,594481813,5
A2UVFEZ7UDBRAA,594481813,5
A2332ANCYJS96P,594481813,5
A1S6B5QFWGVL5U,594481813,4
A399VAWM09IRH9,594481902,5
AMP3SRCVG8VED,594481902,5
ANFUGJ8Z9EMQS,594481902,5
A2N3PEHL6QY8U8,594481902,5
A2KK9GUTOXMB43,594481902,5
A1G5M9B068B6N4,594481902,5
A107S4MT25VXQ5,594481902,5
A1IIGG5OMZKNYP,594481902,2
A3RV0ZUIEOM0TX,594481902,5
AAWFWZ2K9WTV1,594481902,5
A2J3WVIQ5LO1O7,594481902,4
A1GI134K2EVPEM,594481902,5
A37ASPPZ778F9O,594481902,1
AWL0JAXP3LQWJ,594482127,4
A29FNXHYVA2W4G,594511488,5
A32JHAQPVSGHUD,594511488,5
A2C8SNQ59NMJ1,594514681,5
AUMPN10O0S5WE,594514681,4
A1APJUGO70YI8,594514789,5
A3EI9TX2A4MUSZ,594549507,4
A3JQESKSRFB6MV,594549558,5
A3AW83CCH2SYAG,743610431,5
A3IL8P9RPBUW2X,743610431,3
A1C09ZLU9Z56TG,777700018,5
A2E14J26DQZOAA,777700018,5
A16OJ9FTF432BE,840017677,4
A2WOSVWG4SX1J1,879393742,5
A17ZYVAZZZWXU5,879393742,3
A1PY7ODDSRIFGV,879393742,4
AJ4QIAKKHW21N,089933623X,1
A2RMLNVKPFRK7X,089933623X,4
A2R4GEWPLORVSO,899336795,2
A1KKUYTDUZDZSA,899336795,4
A34527S2PDKKGN,899336795,3
ACVACAN9F8XKR,899336795,1
A5OXSZ6JI3WW0,899336795,1
A28K8QC9C4WPGE,899336795,1
A266DODBJYK0X,899336795,1
A17RBVZX3VTNBW,899336795,1
AV4GK35MHBFMW,899336795,1
A3UKB1QYS8KBW0,899336795,1
A11E2USO989A37,094339676X,5
A9CRICSLKO7DJ,970407998,1
A32HSNCNPRUMTR,970407998,1
A17HMM1M7T9PJ1,970407998,4
A1GWA4DX7T4RWE,970407998,5
A233AWZLS4LDYO,970407998,5
A737SIAIN3WIY,970408005,5
AVH06NSECM8EY,970408005,3
A1BKC6B7YHYTVV,972683275,4
AWVFSIB42LHKJ,972683275,4
A36MQBNADRH8YY,972683275,5
A3SRXMPLAEZ6DP,972683275,4
A20XXTXWF2TCPY,972683275,5
AOZZ0CTG5RMW1,972683275,4
A2IDCSC6NVONIZ,972683275,5
AML8NIWFKHZJU,972683275,3
A33HBPL7Q6SZMG,972683275,5
A22JDDJB1ZLGGZ,972683275,5
A39PZJCRS98E6P,972683275,5
A17S5ODXALEGVP,972683275,5
A2WAXINV2ODKUQ,972683275,5
A23X08KRDJKF7,972683275,5
A15FPN5N8TI3Q8,972683275,3
A1ZD73MDX4POAY,972683275,5
A1EDI0X3GI1SK7,972683275,5
A3BMUBUC1N77U8,972683275,4
A1WSLZ5AVVHLRX,972683275,5
A2ZBW1GVAXYGNI,972683275,1
A3H4C425X1H2H9,972683275,5
A17D7RRY5F6Q6E,972683275,4
AYL6T95NTTYCT,972683275,1
ARG1JEPRCUDQT,972683275,5
A3BPE4JK9G2SIE,972683275,5
AVRFGGCCCR6QU,972683275,4
ARW08E970C4A4,972683275,3
AKUNHU70LFK6E,972683275,5
A156MPSDULFFO5,972683275,4
A1RJD803EYM353,972683275,5
A3UOSOCRKS3WIH,972683275,5
AWE6E7DWGGWN7,972683275,5
A3PRSCGIX3NY0X,972683275,5
A1RGY08MHYC8AG,972683275,4
AQJ9VAGG0QKEH,972683275,5
A3NFODKXP6LXLV,972683275,5
A36JCYNJG4Q2W6,972683275,5
A2XPU8EMY19NBQ,972683275,3
A1FAOXB8IJS99K,972683275,5
A19X9H8DC3U31K,972683275,5
A32XX53PIYV78T,972683275,4
A1G1B7UE7D675U,972683275,5
A778X9CUE16YO,972683275,4
A1E9C49T7E6GKV,972683275,5
A2G2K3OC74CPFZ,972683275,5
A371ZZ95ZQEIZV,972683275,4
A17BX6ISOLKLXM,972683275,4
A1SJ4E4I684N6M,972683275,5
A3A5LQ5T7M7I8V,972683275,5
A18SGGRTJKKHR3,972683275,3
A2ZSAJ28QS6Z68,972683275,5
A2UUNC4CW16062,972683275,3
A7060R14RJF3I,972683275,4
AIHN98QLUVU7E,972683275,5
A3RCX7Z7I9G2MF,972683275,5
A1JLEDHBYBOLG2,972683275,5
A3GG0HR8199P8Z,972683275,1
A3R0H2RJY9DM99,972683275,5
A26QCCO0101CO1,972683275,5
APBF796U7GUTV,972683275,5
A3T1DE9OZLLLWG,972683275,1
AUCYYUP15XJA,972683275,5
A14V9YT3C4QRPW,972683275,4
A1HRZF7BQSCLUC,972683275,4
AZPT44204EODM,972683275,5
A1TDQTL9185HTU,972683275,5
A6DI4IE8MKFYR,972683275,5
A1CE42YCMQ3FEX,972683275,4
A1VYNYUM57GAM0,972683275,5
A1C1XLRK3R841B,972683275,5
AF6352V65ZNG1,972683275,4
AFS5ZGZ2M3ZGV,972683275,5
AH5FPXRBVFP0B,972683275,5
A1FXZJ8ZMQLYBS,972683275,5
A2HLNXOYLMERTC,972683275,5
A2ULCET06LOPBB,972683275,5
A95VB9FYXW5XJ,972683275,5
A3CCITVF0WL6KE,972683275,5
AYZ54MQJUM3NV,972683275,5
AYQNWE3AX4H08,972683275,5
A3P2ZN0QGUALHG,972683275,5
AS2KRDSIWBM2P,972683275,4
ALL8RBDZK0WWO,972683275,4
A33MVR4OT3321,972683275,5
A3P24ZSF9IQRJJ,972683275,5
A2YYH2I9S9TUCM,972683275,5
A3PY6TQYAZG7MB,972683275,5
A7SPHMIUOO3H1,972683275,4
A1JI3XL5ME8CWM,972683275,4
AIRPOKZ4206EG,972683275,5
A320EVMBXQI9B8,972683275,2
AQBLWW13U66XD,972683275,5
A2JQZJVI9DS6R6,972683275,5
AEBGTLDMLWZO4,972683275,5
A70MDVX1NI1MM,972683275,5
A1WT0YXXFDUY46,972683275,5
A2DO34E3J21CRT,972683275,5
A1079KKA0AXSL3,972683275,4
A3NNSGACHBM7MK,972683275,4
A3CK3T0E4C99CJ,972683275,5
AUKEU9CW56TT4,972683275,5
A3UNB8ASV0YNCN,972683275,4
A2BWX768VJ5QFS,972683275,5
AYIMC83D50LGH,972683275,5
A21VE3LW3ZQ7KZ,972683275,4
A2IYE9D2TEIDYV,972683275,5
A1Z3FKFCMLSMG3,972683275,4
A28YQET4K11XVA,972683275,4
AYRHK2GGO4VFU,972683275,5
A3130BH1Z7OPD2,972683275,3
AGWAOGY3WTN4X,972683275,5
A1L5LHGAUIIEOU,972683275,5
A23A7OH3AM0PDA,972683275,4
A12AU3CNAWYO5D,972683275,5
A5O0P0JV6PLU3,972683275,5
A3TY97QXQ6ZFSQ,972683275,4
A2LKVJ3HM9FKUE,972683275,5
A35QI2GKW8K230,972683275,1
A4VTUX8VGLMAW,972683275,5
A27X48PMUGK6U4,972683275,5
A36B6D7RXI94JR,972683275,5
A2KQDWZZUBBNOJ,972683275,4
AW90C3YRHB3TG,972683275,1
A2IXNEHMM685C9,972683275,3
A27XULAA9X5ZGQ,972683275,5
A3OB8MSEUT2B0F,972683275,5
A4CUFSZBWO8HR,972683275,2
A3DIXHIECTEKV2,972683275,2
A1BAAIX0K2960C,972683275,5
A3TTQNM920Q30O,972683275,5
AWYAJCVLQNJK8,972683275,5
A3IIGCFLKVFW8M,972683275,5
A1C4BMQQXOQD80,972683275,4
A2NJJGX3EMM4KB,972683275,5
A1YFZQQLQ3QZHK,972683275,2
ATWS0VHG8NOUZ,972683275,5
AYGDF2QFY2ZZ3,972683275,5
A2063NNYWR4B7J,972683275,4
A108UXJTIV8XXY,972683275,5
A35TCV053U9AHN,972683275,4
A3ON9HIKV7GO6K,972683275,5
A13S3RBHK5T968,972683275,5
A20VSTDILG9K7H,972683275,4
A1Y7I43UEGKDN7,972683275,4
A3LUBQ6HTHQC9C,972683275,4
AGG3RTQFN3OJ4,972683275,5
A1EWPEGJYIX23N,972683275,5
AVOYMPC2XY63V,972683275,5
A3VKO21KYDJQ2W,972683275,3
A1MSO6LERG39PC,972683275,5
A20Q4FIBCAG2ZV,972683275,5
A2LDAK4G15UOQ6,972683275,4
A1980MGZXSGJP,972683275,5
AQI418NDK5GF3,972683275,5
A2QDYDMCPU68U5,972683275,5
A35DGOWXUZYTWS,972683275,5
A1JOEW6J1H9CXX,972683275,5
A1GLL5CJ1SFAMS,972683275,5
A3GYJW3I6Q5AXG,972683275,5
A1SFB394R1NHNB,972683275,5
A2683OJ85CLWFA,972683275,5
AXBF39GC4I2EC,972683275,5
A2MBXZ1XGBUFA,972683275,5
A226W9HO3YVYUG,972683275,5
A2UWRQFJ9OIM9L,972683275,5
A14C5D25SZWFLX,972683275,5
AXDW3OXL1ANL4,972683275,5
A3M6S7Y1FNPOLD,972683275,3
A1GSL1M8TPUSB2,972683275,5
A2C4WL8NYM7Q0I,972683275,4
A1VVJLWQ15YTYV,972683275,4
AOU1TM9UA1BZF,972683275,5
A3S5643F4JNLQQ,972683275,5
A1HT4T3HR2W9VG,972683275,5
AJIA55AVU0CUS,972683275,4
A36VF2I8ILFJH1,972683275,5
A106YUCY4SVX1D,972683275,5
A1YVXAIV87Z3LM,972683275,5
A3U6HVI3EWAZWU,972683275,4
A3V0W3FHKL6468,972683275,5
A3C51ESBUD8QAJ,972683275,4
A32YYOS0T4NVG1,972683275,5
A1OO6OKFFDBXNW,972683275,4
A3IC6OB22INS9,972683275,4
A2F1XPTGEADV8R,972683275,4
A3ISZ8KLXYYI7P,972683275,5
A3RD1GFFLG12YC,972683275,5
A1SR2IFR1CBPQW,972683275,5
A1JKBJEKH5GXIT,972683275,5
A2QG84ZEFKUISL,972683275,5
A26FS7F997E7SI,972683275,4
A2QB7E7X3RURZ2,972683275,3
A263GC6WFHUY4Z,972683275,5
A33DH1NN4OOKX3,972683275,2
A25EIC1CXMA1DO,972683275,5
A2EJJTOWAEL7SJ,972683275,5
A2MQ47BBL7F6B6,972683275,5
A3QH8VQDE7HZCR,972683275,5
A2UMQGIOIQ2ZJ9,972683275,5
A2RNG3LFW5CFKX,972683275,5
A25DO9Q43GE6WK,972683275,5
A2LSIS2A2CNLVL,972683275,4
A26UWC5UI7XLY2,972683275,5
A1MDERNKA03DON,972683275,5
A1HZ68B7UMNWVW,972683275,5
A3KWKARBHBSQZF,972683275,5
A6J8D9V5S9MBE,972683275,5
A3Q95HLHAUC34M,972683275,5
A3UBDM2OA2Y3I9,972683275,5
A1AT5LYGF3T3BJ,972683275,4
A2VEU4GLPJUFNP,972683275,3
A143ONYTRZY3SF,972683275,5
A2ASX8RGDVFNOG,972683275,4
A3D1X3ZYUWR0Z9,972683275,5
AYNGELTTLBXVN,972683275,5
A3NMAV0XRHOS1U,972683275,5
AIGTSPP6PLJJW,972683275,4
A3TF6PPEYAQ1KX,972683275,4
A2MJNFUQS2FG92,972683275,5
A37Z3QW5ZDJLSZ,972683275,5
A21DCEYSAP2KM8,972683275,4
A2UZQ5I2XLQYXD,972683275,5
A2I8I2LLVE9U6G,972683275,5
A39Z4OU2C7ENWH,972683275,3
A1UJX9NC57TW5N,972683275,5
A1FQOCN6SNXNG6,972683275,5
AY7Y69EUL5GGL,972683275,5
A31QWH1JR60A5F,972683275,5
A2C0L77SWTXMOV,972683275,5
A2E5IK9TUH8UPD,972683275,4
A3QWCGS4OS44UP,972683275,4
A3UBY3ND3TTNL3,972683275,1
A3TBIJHR03ELEQ,972683275,4
AX3OXHFIKAE4R,972683275,4
A3QRE0I5HSC332,972683275,4
A1C55HT82Y70AE,972683275,4
A1EJKPTGO474WN,972683275,4
AEQR0VUFBZXUY,972683275,5
AKBZI91RTIXM6,972683275,4
A1XQEYP8NDJIGH,972683275,4
A1VL1D97E9PJGX,972683275,5
A2RHDVCXQVFFXM,972683275,5
A32QNTFPVVY3P4,972683275,4
A2HG19HOW4IZ7L,972683275,5
AGZ1HS2KBSFRG,972683275,4
A1NOPFD9YTMXHB,972683275,4
A1CWI7TXJW674Q,972683275,5
A11XEQWME3DHFF,972683275,4
A2S089YNV6Y2D1,972683275,4
A2SKYCFKIOGG19,972683275,5
AL4WX7LL4ISYK,972683275,4
A3OTY3KB4OG9FO,972683275,1
A1BMBZNUA3H10M,972683275,4
A1HYHOBZPJKY1I,972683275,5
ALP4IUKDBJ0EO,972683275,5
A3GCTN5ZPQT657,972683275,5
A13BWQDECDDVIZ,972683275,4
A1M7VPG9Q6JEO8,972683275,5
A20UDOT1F361T2,972683275,5
A25I5Q55UL8MT3,972683275,5
A3UA6U3K0R6PDY,972683275,5
A12XCRHPREC51Y,972683275,4
A1QBVPRRBYL5US,972683275,5
A3QPJS71FU70MX,972683275,4
A1HAF9KEUQHT5F,972683275,5
A2PCG95PZLF92Q,972683275,5
A28DLVVZMHTAPN,972683275,5
A34895BBYDUOG7,972683275,5
A1SS291G5X84WC,972683275,2
A1RPEK98P97J7W,972683275,5
ABBPDSBNGEYRU,972683275,5
AYKXABHFBFGJX,972683275,2
A1B8LOW1DH3HZY,972683275,3
A17PJXD7YBSD8F,972683275,5
A36VRTU7YUGH39,972683275,5
A2A3B0JX2JRS6S,972683275,5
A1ZPEZMQBCTZQN,972683275,4
A2OGXHE7PVLTOE,972683275,4
A3OYE7X2O08LNT,972683275,4
A1RKIVV5VR3RJ8,972683275,4
A31KBWBVXWUCSR,972683275,5
A1KECIKIWDB4HH,972683275,4
A2YIXN1SNPWV0A,972683275,4
A2LR9WP2JGDT8E,972683275,2
A1TSQF40H4MIWM,972683275,5
A3DBMXKKJMO910,972683275,5
A23AF9X5323ME3,972683275,3
A18FTRFQQ141CP,972683275,5
AE1L7FJUVT661,972683275,5
A1M17ZTK354P6Y,972683275,4
A3D8NXND1ALT91,972683275,4
A1XEYWWDJ09OEA,972683275,4
A2JMN2JA9LSHVL,972683275,1
A3ATF868IEP191,972683275,4
A1YQJNKIMRBU1M,972683275,5
A2D6D5MUX0SP2H,972683275,5
AXREKH8MC9S3X,972683275,5
A3VZ53R6F842QZ,972683275,5
A14O9P3DV5EHKO,972683275,3
A27WRC8KIFFTWS,972683275,5
AVHB9LLVCTEKY,972683275,5
A1BFGWPAR3XE0Y,972683275,5
A38IZ9GUFJ28AP,972683275,5
A153SN02P05UXE,972683275,5
A3F9NDKO3GFOCH,972683275,5
A1KI8R3FT71PPK,972683275,5
A38KYGIUKF2MFU,972683275,5
AIJWAL4ZGCK2F,972683275,5
A2GPNXFUUV51ZZ,972683275,5
A3CLWR1UUZT6TG,972683275,5
A12ZCHX2T8Z952,972683275,5
A3GJT8MVRII6PJ,972683275,5
A38DTJURWNUQTZ,972683275,5
A1V8UZ63FQD382,972683275,5
A2IKPO861L8O90,972683275,5
A3Q7DHKIU7TMBI,972683275,4
AT138NK1P69KO,972683275,3
A2ACJSHEC2RZVZ,972683275,4
A28INZ2FGLBOZO,972683275,4
AOOQGCJEV25VT,972683275,5
A2IRDF393ZKDN8,972683275,5
A24OHQK700QEIW,972683275,5
A3T3M5EYGCWSUA,972683275,5
A17TBWDFNK675R,972683275,5
A3P5CV06QLXGRF,972683275,1
A1P7CE4XXWG8WJ,972683275,4
A1PUB1SLAFU555,972683275,5
A5ABV0IOAM9YO,972683275,5
A3SWF9UXQAEK9Q,972683275,5
A24NAL80DJU0B8,972683275,5
A1WI6CDE40JSDZ,972683275,5
A1V4GFB3HKFZ2T,972683275,5
A2K4HQA1K0CVGP,972683275,4
A2HWFK6TC9SGV,972683275,5
A2EPTJFNJSHUCU,972683275,5
A38FGQVJM18OWV,972683275,1
A1CA40102FA5N0,972683275,5
A3586I23X68J59,972683275,5
A3TH91PK3IABQU,972683275,1
A22E1RM28FZZP2,972683275,5
A12PFARGH9ELDI,972683275,5
A20RYSHYDK9M6,972683275,4
A16Q3CV7TCFO4E,972683275,3
A1P560UNX4SBE7,972683275,5
A28RVT20CEXA8B,972683275,4
A27OMVFGJXH1VB,972683275,5
AHJJYGJXJ346V,972683275,5
A2CDG7JEL4W6IC,972683275,5
A19KHPSLJQ1UKY,972683275,5
A3E4YU6APQLRKE,972683275,5
A2NOHYNZCZ2NW4,972683275,5
A11NLVWA0MTSGH,972683275,5
A2YJHOCQJJCD6L,972683275,3
A9MZROA9WNRJT,972683275,4
A34DGHJJFSSN8X,972683275,5
A1GLHE8QE65D0W,972683275,1
A11SX0QI0EFZY0,972683275,5
AQNQ3Y8AK04GQ,972683275,3
A3F6E9FYLZ7MXZ,972683275,5
A3D9JOLPWI3SSL,972683275,5
A39K0PHF85UU2O,972683275,4
A13W1XKMRMF43T,972683275,4
A4PRLL18Q4TE1,972683275,5
A21532E0LDLKPD,972683275,4
A2Q9HI52XRHPYB,972683275,5
A2ANB0YF7J5VBB,972683275,5
A1HJMUCKBJ38XL,972683275,5
A17EAU0WHA1A4N,972683275,5
AVTEOX99BMGZ,972683275,4
A3PPDNV08DDMUY,972683275,1
A20IY0H76J8ICM,972683275,4
A1PV9NZBPCKSG2,972683275,5
AOJBRLPBX7JIX,972683275,5
AQGSAZBQTA4,972683275,2
A27W2XD4XB3GIR,972683275,5
A1YCH6MMPBKC2O,972683275,2
A3GRZJH6281WN6,972683275,5
A1N4DKWTQ9YP1Q,972683275,5
A30F26L0LWNE9I,972683275,5
AD0VA39FRVNKN,972683275,5
ABM9CL72EGWKN,972683275,4
A1SUS5G1DY6WUM,972683275,5
A20IOFDX45NZET,972683275,3
A1WHCQQ1016OC4,972683275,5
A2WZWY5MQTXO0R,972683275,5
A3KR19BIVGUK9P,972683275,5
A1N99F2Z4F01RG,972683275,5
A2WZ2FO4LNOBLD,972683275,1
AKOB0AC7H4RHN,972683275,1
A29GANDIIX0H4Y,972683275,1
A14RTWD2KSOEOD,972683275,5
A3DBA3N3MTQDB2,972683275,4
A3A7ZJ4QS65X15,972683275,3
A3GL86VTKP3OL6,972683275,5
A6ZGUVQLM93MC,972683275,5
A23LAEGOPQR4BB,972683275,5
A6IZS2U4RFJSY,972683275,4
A2E62IBKN9OV3S,972683275,5
A361FG8C13FB99,972683275,5
A110S8IJ3ZID0D,972683275,5
A11NR4AJK9TNQM,972683275,4
A3CWU14LXQQTL,972683275,4
A2VN9A89NJ9TPZ,972683275,5
AY9QGJVGN3P67,972683275,1
A13M65IGNEQXW1,972683275,3
ANWW7PT6Z6MHD,972683275,5
A180BZHVJIRWBZ,972683275,4
A31FNBHNC19QX6,972683275,5
A2DDPTOS7XXBUY,972683275,5
A1R2514DVWIIMV,972683275,4
A1KM3IPZ9H0JKZ,972683275,4
A3HF257LGTGOTS,972683275,5
A6R43EXZGQ1I0,972683275,5
A33RU0BLKE4YWA,972683275,5
A26ADM56C8D660,972683275,5
A11D842ZBM7QAD,972683275,5
AZ6SUJ5T0KBE5,972683275,5
A2EZPD81ACVMOO,972683275,5
A284PZTO3H9FEN,972683275,5
A7EVWY97FPSIA,972683275,5
A8XWBF2NFDRC3,972683275,2
AHKKH5P9OXXMG,972683275,5
A3BLAOR6MEE9YO,972683275,3
A1N0MVWRW4JI84,972683275,5
A30IEZ3Y1GC6D7,972683275,4
A14ZMA7222WU6F,972683275,5
AN4PWA7694PFT,972683275,5
A2RELVDY2PSZHD,972683275,5
A33TFX6J52RLYP,972683275,4
A222PTRQBKQKX6,972683275,4
A1VM0DU10K0DE6,972683275,5
ACS5A8NRVRQ8M,972683275,5
AMZPGSUL2HJMQ,972683275,4
A1ELV5JOVFMNOV,972683275,5
A1X7SF8S7VRCVH,972683275,4
A3F0Y83DVO5TIY,972683275,5
A19A4GQJW67VOD,972683275,5
A1VA1QF8KZNBLL,972683275,5
A36ZD92R4M2NZ9,972683275,1
A1LSU3ES5R6WLN,972683275,5
A2BG2OS6UJK297,972683275,4
A19QVO6ZINIZHS,972683275,5
A1QKUDP9EUHJXH,972683275,4
AELFAZJYOP332,972683275,4
A29Y8MLKEZILVU,972683275,5
AV2AZD7ZIBC3L,972683275,5
A3W2CPHVD6E5QR,972683275,5
A3UTDVL4CPYCTW,972683275,5
A3TAS1AG6FMBQW,972683275,5
A20EHH02K9S2UZ,972683275,2
A1WXU0BY2L7ZL9,972683275,5
A3QTXADA24F55O,972683275,5
AYRACCER8JXU1,972683275,4
A2T4OX8NH9LIIC,972683275,5
A3VSGMP5KCQ4Q2,972683275,5
A1QKKD813YA5BJ,972683275,5
A2RUN82QPU60PN,972683275,3
A2W75LE521OOTH,972683275,5
A1PYNMFFQ9IBNL,972683275,5
ANJY75Z24A6AG,972683275,5
A16PP857J4AKLB,972683275,5
A1RDICEF7NSVHV,972683275,4
A2HOKNSVG9MMT8,972683275,4
A1KFWYUVIPJTLQ,972683275,4
AYYNNAEWP3W5Y,972683275,5
A2XXCJLS58H1A7,972683275,5
A3DOQ1AI1MU74K,972683275,4
A51C3CTWY2J23,972683275,5
A2NBPR4M3MFKKI,972683275,4
A3CAGSLL6VIX76,972683275,5
A1UEU41SCOKU8D,972683275,5
A111UHA2H22XE7,972683275,5
A1Y0Z0D0EP753W,972683275,5
A11YUH1WVD236C,972683275,3
A1UDBJBAR7516G,972683275,5
AN4QU8ON7JUK9,972683275,5
A3GF7FD6065R2H,972683275,5
A6VR7MFCELNU6,972683275,5
A3DH6A4TTKGTPW,972683275,5
A2OGRLHZZWF411,972683275,5
A123IFV7Z2V1DU,972683275,4
A12JT6X3FXE06J,972683275,5
A2I87F2QCJ6RK3,972683275,3
A3B55PW1W6B17P,972683275,5
AJ2QOQPGKJUFF,972683275,4
A2EOJNVW4NF4AE,972683275,4
A263OQLPKEXPF1,972683275,5
A18BV86D2IV4KH,972683275,5
A4AUP9IZ38BUL,972683275,5
A3S7Z3RXO7HC1U,972683275,5
A1XREVVFVB6ZRY,972683275,5
A181ZV0355JPY6,972683275,5
A241HAACWTVY30,972683275,5
ATXHGENR16TFT,972683275,4
AQKPJKYY7VLPZ,972683275,4
AB31FF0JMPOUP,972683275,5
A10S9NK38WEQ65,972683275,4
A1WR5GC0TCUVC,972683275,5
AK514FAJ3YQSV,972683275,5
A56AUIA2KJ3KQ,972683275,5
AAX362ILQQEY4,972683275,5
A2OEVTBSZTURWZ,972683275,5
A22UL4BXTSXSCB,972683275,4
A381YBD6RB2KW9,972683275,5
AD3L2C20LB7EP,972683275,5
A14V89LNZUNDVX,972683275,5
A39FZ5UWBN99VP,972683275,5
A2GEC96F86XNCC,972683275,3
A2UT34LEOXUR33,972683275,5
AL635KJYMZ71K,972683275,3
A27CCNUN2ZZ7L,972683275,5
A1XN02NMD3EM8H,972683275,5
A1C1SR200MSJUM,972683275,4
A22TFR5ELFDG50,972683275,5
A8VNC6541C6Z9,972683275,5
A10TQRXANRYQ6D,972683275,5
A2HMH7WZ7U3M6T,972683275,4
A2QVJ0IB5X7I3S,972683275,5
A17VYZM1SAX9BR,972683275,5
AOARGQDECYFJ8,972683275,5
A2WFT646E4IYNK,972683275,5
A39KBWLS6TURMR,972683275,5
A16W4IDX9O70NU,972683275,4
A20PJM69ERA9CA,972683275,5
ALVJCD5NY28G4,972683275,4
ATWPVC644K29Z,972683275,5
A2CJH05NQX7BD7,972683275,5
A2LME30OB5OHTN,972683275,5
A1EWQ5Y6HHSJGX,972683275,5
AK4A0WP71RIG0,972683275,4
A120ULF73SUTI9,972683275,4
A4AF29Y2BHYEY,972683275,3
A6FGKXU6ZPW64,972683275,5
ADSRJY1DRPL6Y,972683275,5
AKSRGI790QOOT,972683275,5
ANSFLSQ5F6F2G,972683275,5
A1QPW8EFCNQJB6,972683275,5
A3DVV9V489ITBE,972683275,2
AA24EMYGLX593,972683275,5
AQV240XF36FSX,972683275,5
A3OTEWNG0JOIIE,972683275,5
A3K8DR8H1T9N42,972683275,4
A2IZ0CCB5OJI95,972683275,2
A3CG50NHWGH5H9,972683275,5
A1463ASM7QMU2I,972683275,3
A3L61LOQ3YR4AO,972683275,5
A1LE0TJ3UYVV7X,972683275,5
AIWE3KTYZ9RQ4,972683275,5
AKAOH4DGKSCP1,972683275,5
A2ALRD1DZHX7ZY,972683275,4
A1DPTFY0G6P7SY,972683275,2
A1RJTUPD2F4GCX,972683275,1
A28N5MLYX9Q8ZN,972683275,5
A9UFBRZV2I3U1,972683275,5
A2BLGQ2SCSKCCY,972683275,5
A2QAPBQOLC5MPM,972683275,5
ATWBLNW9VXQW0,972683275,5
A2GN3D3HXQI3BF,972683275,5
A2FC0JI1EDAAJF,972683275,5
A21OS6PWQG5YOO,972683275,5
A1OYA1IESSJ8F6,972683275,5
AA81KFW4X8UIH,972683275,5
A3QSU7RSCS2JLK,972683275,5
A2G3KD3TIN53N2,972683275,1
A36ATQRF014CAH,972683275,4
A35KCAUAE99I3Y,972683275,3
ALSYM9GTZ8E7A,972683275,5
A4035XND6J8CS,972683275,5
A2LTW5O60G852G,972683275,5
A317RWPY08I5QX,972683275,5
A3S8Z7UF9OQ1PU,972683275,5
A2E0H4X2BCILP6,972683275,2
A39WT88YZXIJTB,972683275,5
AP91TRN3KDIRH,972683275,4
A3UYI01GLEYZSP,972683275,5
A3JTK3K0PXFFT5,972683275,5
A2I8T047ZTHHRZ,972683275,5
AP7LSRPXT3ZL8,972683275,5
AP3XMM1077I50,972683275,5
A10MC5C359B1T7,972683275,5
A1X1DS4OWX7WJK,972683275,3
A1GJHLL1Y090P5,972683275,5
A1TTW3G7D18GS5,972683275,5
A2FF6SG2Z15WY8,972683275,4
A1EHAX7WGEJFEV,972683275,5
A2N7FW352FF8AQ,972683275,5
A2DNXSCB3JXGY2,972683275,5
A1C71KC23S7YAZ,972683275,5
A1OO47RRQ4I29R,972683275,5
A2DEU0B3AUINV9,972683275,5
AE8R1JSMJYIU,972683275,4
AC4HGDV9303YH,972683275,5
A2FXM6UKGH1WFE,972683275,5
A1038957GWRBP375RU5T,972683275,5
AU2KDGQQKTCJ0,972683275,5
A1GOBWZGW5KTYG,972683275,5
A7R4R9THNELTP,972683275,5
A2RU0H9MD4IH5M,972683275,5
A3MAKX14WHMXXK,972683275,4
A2U9XX4Q5NQBG6,972683275,5
ADM5RFAZ3LWDF,972683275,5
AVNNI39RQMZPG,972683275,5
A1AH0XJN1VCRQZ,972683275,5
A20P7YTMB5UGSM,972683275,5
A5DT620AT9LAT,972683275,5
A1PU4NJBB1UU33,972683275,4
A2465OVDXMXNGZ,972683275,4
A1M6DES3E3CLW2,972683275,5
AEVGI82M8PECC,972683275,4
A1P31CO3L42CH1,972683275,4
A1743UQ12BFP3F,972683275,5
A2AJB67RIHEXIM,972683275,5
A16WXV8ANSR36O,972683275,5
A142B3JN06ZBOD,972683275,5
AUSMGD8LVU7D2,972683275,5
A3OA5H4NRLI7MU,972683275,5
AC641L63OT64F,972683275,5
A1SMK2N4JHOWLT,972683275,4
A1UAP0NDDZE7RV,972683275,4
AM3IQNMF60MBU,972683275,5
A1AFORE8L2LGGW,972683275,1
A212REVB5AFP02,972683275,4
A3SXYB8JPQ44LN,972683275,4
A2AQ5NSE7ALLOF,972683275,5
A11BKLWVWL7Q2J,972683275,5
A3LSVS4YA2CEAX,972683275,3
A2X2ZMSYYCL1A1,972683275,4
A1SIV0P0QLCP3X,972683275,5
A3TAT80JCWYGB4,972683275,5
AJ97HDK7RH9VW,972683275,1
A2KUEGMSLHUNNP,972683275,5
A34XHTETLN5WHD,972683275,4
ATNJBDID1K17N,972683275,5
A6UFYXM3VDZ,972683275,5
AVCM37Q6TKOAG,972683275,5
A2UKT5SQR9EI7U,972683275,5
A2AU7WTTTWU4H0,972683275,5
A3V2D9KAJK16X,972683275,4
A204YNL8K5AOU1,972683275,5
AU6SV4IPYQ10P,972683275,5
A5CFCTKIURGA4,972683275,5
AZM8PD2KBVXN5,972683275,5
A2RX1JTBIIB4T7,972683275,5
A030530627MK66BD8V4LN,972683275,4
A3HVBGFQGVKEN6,972683275,5
A3D37SX2JYWQAD,972683275,4
A2YF3QW52PBL3C,972683275,5
A7V9WIUIB02OI,972683275,4
A2MZYIGRUMSJKH,972683275,4
A3NTL6NCDLA064,972683275,5
A2EJTJJ6WCE8TC,972683275,5
A1E5AP6REAVJ2,972683275,5
AM178A0W4L6TT,972683275,4
A2Q2FQ4X99I9HN,972683275,4
A2JZGIDQ8RD9O7,972683275,4
A3I63PQL34GPRJ,972683275,5
A2TOUTL6Z74SMQ,972683275,5
A3MIAO5MG9ESMO,972683275,5
A8THC8D64F5E3,972683275,4
AY0D7YV22WO7Y,972683275,5
A6MHD7SKZ1OJO,972683275,3
A1K8NFAW926KCG,972683275,4
A14HG36I5AKTVF,972683275,2
A1XK4O47V918TK,972683275,4
A1WNIOPMTGGTCS,972683275,4
A26VDAZZG2BO27,972683275,5
A2077DSWGE0ELT,972683275,5
A167ZKQMOK3QVQ,972683275,5
A3SK1V2XAMFU4J,972683275,5
A171QI6IDL6T5J,972683275,5
A3NFXPE2SP2NDC,972683275,5
A1RI8HAZRUWZM6,972683275,5
A2S2IJJLGCXTAD,972683275,5
A3IZFW84VV75XS,972683275,5
AIIZ3D0BQS7CR,972683275,5
A3AKVALGT4Y02G,972683275,4
A2I8J6GW1H6LWU,972683275,5
A174LMEP27Q3H9,972683275,5
AY796UUSZ2ZVA,972683275,5
A2NBPI1022XD6X,972683275,5
A14GJVRNRLDG84,972683275,4
AY1Z6EFM02DSU,972683275,5
A2NOXTG05AHVB3,972683275,5
A3MNCZ1RE5TIRI,972683275,5
AXBCUEOWEL49V,972683275,4
A3QRS9HM9LD3A,972683275,3
A2INJ5ZNSHUE9R,972683275,4
A3QFR6XRJ89EGZ,972683275,5
A2KR372GZW00MJ,972683275,4
AZO3DZAJ8S0D9,972683275,5
AH8Q45LTCQCFJ,972683275,4
A1NFUURN2RV9GT,972683275,3
ALUZVJS4G2J9Y,972683275,5
A25RWGRTI45P88,972683275,3
A2XKV52LF7ERZL,972683275,5
A19ZTSSP46BUFE,972683275,5
A2BLRT79WUTLXW,972683275,3
A3PR648T8RDRS,972683275,4
A18YDKJ6MLVYZL,972683275,4
A39LNFWIZZT0VW,972683275,5
A6TWN9W9WSAV0,972683275,4
AU1I7HEEZJCSY,972683275,5
A16Y72DRF7ITNB,972683275,3
AZFF4CX9MQ4AE,972683275,5
A8TH161HDA2FL,972683275,5
AH7DLKHSGZKCR,972683275,5
A2HI35H2BOCV9R,972683275,3
A11IFJDOZ0T6Z2,972683275,3
A11X5KB2AFYGBX,972683275,5
A15K7HV1XD6YWR,972683275,1
A1HMK1KMWQBDTT,972683275,5
A235DJF7AEYJFQ,972683275,4
A1PZ1UEVHMNS18,972683275,5
A27B2NA4IKY3P8,972683275,4
A1S8E2JSVXHIPB,972683275,5
A2QBJEHKTD7R6O,972683275,3
A2LVJDTDXIIY84,972683275,2
A2J13NR5GB8GYO,972683275,5
A6D7R8LLIC3FO,972683275,5
A3S1BO0SLFC5H,972683275,5
A3DKC72AYVYT6T,972683275,5
AZ3DVRQOQMC59,972683275,5
A2Q6I168BPOUSM,972683275,5
A1P9S4MYB15O0K,972683275,5
A2M3CN7OC6ADPG,972683275,5
A2BNYSMW3UFKS8,972683275,5
A1DNACCKWV41IY,972683275,5
A81NVWL4MMVT8,972683275,4
A3BLYMV1UIDWU9,972683275,5
A19NI7EG704QLJ,972683275,5
A29N5GAYTJUFQM,972683275,5
A3EP4YIS9W1LR1,972683275,5
AHPRCZ59P9RU0,972683275,5
A1JRWN50MPG8EH,972683275,2
A7G5TA2C9IGSE,972683275,5
A38LYJ7NQ65G5L,972683275,5
A6GYEDCEU2LKG,972683275,5
A20WKO5G1YTC0H,972683275,5
A1C9DXCM6QF5XQ,972683275,5
A21NLR9Z1MC7P8,972683275,5
A3TCV19D652GPU,972683275,4
A1IMCM3OSZFPQK,972683275,5
A2X1JGIN31F8WP,972683275,5
A12CEA80W6MZL3,972683275,5
A3526XYYY8DE8J,972683275,5
A1N7QSP1U513KJ,972683275,5
A3FZ6D8NP9775P,972683275,5
A3OA1X9RC25X4B,972683275,5
A1BV6SSYN6ITUD,972683275,5
A2ML1ZBZ75I058,972683275,5
A2BQ69HXT2EZ5E,972683275,4
AQIBGC2OCCAHQ,972683275,5
A3JBRHRYUITFDN,972683275,5
ARVMH02CVVJBV,972683275,4
A3EIH3FETBO3Z3,972683275,4
ADJVSS1OZ4RM2,972683275,5
A1EAXVLKPVL8W5,972683275,5
A1HMMR78CDCNB,972683275,5
A2YO6DRFFWB5D2,972683275,5
A32QNGGSX3YTAH,972683275,5
A2TYW6QLYACPVL,972683275,5
A29OJBE89XRIW6,972683275,5
A35AY98EAZ8OB,972683275,5
A1IXF1F4DMS1XO,972683275,4
AKY4Q90DE9AO9,972683275,4
A3LSDUV9HSY66,972683275,5
A1FFCR74WU1E6Z,972683275,5
A1R4KD3T10FOG0,972683275,5
A3HJ888Q5EOO66,972683275,4
A1MYNY918JSFCE,972683275,3
A2DZQFJ8A43OB3,972683275,5
A3VMCFOCPL3R7Q,972683275,5
A2C4YXP64SJSDR,972683275,5
AL29YSP075B3G,972683275,5
A3P1AEV6KGPSYM,972683275,4
A2HLEMX0FEQ1YR,972683275,5
A3KSID0WUMUHZG,972683275,5
A3BM1LI2E1F8P2,972683275,5
A2SUMK3BDIUG4Z,972683275,5
A39IMVHNMDZU0I,972683275,5
A2441IHTNYIN5D,972683275,5
A3MTB981M61PNW,972683275,5
A1HM9UYHIQ3YM2,972683275,5
A2R8ZQ9VJUBTQR,972683275,5
AUOF7KMZRE4RG,972683275,4
A2GGS3I5BY7R1A,972683275,5
A23LZZD5UXRHWX,972683275,5
A326UIIB1O2UUR,972683275,5
A3AYPQY4EHVW39,972683275,4
AAJ0NJL17KRNX,972683275,4
A1Z55ZZHFDF4NL,972683275,5
A2UIFGA3R5IO2V,972683275,4
A3EEOAR6K3UG6E,972683275,5
A1MQPFL5EALKU0,972683275,5
A2RE73VUCARNE0,972683275,5
A10MF6OJK61N22,972683275,4
A3KHBD3YRNY5WO,972683275,5
A1M1P0Y1GIHMK4,972683275,2
A23C1AURSCRZ5O,972683275,5
A2GDPXNXVK43KU,972683275,5
A2PARH1DUDLWHT,972683275,5
A2WXQ8Y5SHCWCY,972683275,5
A2MLE5H35UXP2Q,972683275,4
A1S6MB867Q8B8S,972683275,4
A3VWY3CDC423UM,972683275,5
AE3BZ7JJ7W00V,972683275,5
AX6PR7CA8DPT7,972683275,5
A2YW1PZEMN81Q9,972683275,5
A3JJT95MDDK49T,972683275,1
A1L7JCX9IKGKIQ,972683275,5
AANEB3ICACKM0,972683275,5
A14EXDNXP360ZE,972683275,5
A1GEN2ZI0TQW5,972683275,4
A1H6N17FJZMZ2G,972683275,5
AZTC7YC8PKG39,972683275,5
A14ERDBXQVVYI3,972683275,5
A2ZSX2UA4ATWEM,972683275,5
A20WLV3E6PVRQR,972683275,5
AXXAD76G1CMC5,972683275,4
A2VS1A1GZT60UX,972683275,5
A2Y4H3PXB07WQI,972683275,4
A2AAR8AVNJNIJ7,972683275,3
A2O74NNJK37DCS,972683275,4
A14J537H58XBYV,972683275,1
